run,label,direction,kind,bytes,mode,workers,trial,persistence,request_bytes,split_min_bytes,elapsed_seconds,status,verified,control_ready_seconds,planning_complete_seconds,workers_complete_seconds,worker_startup_min_seconds,worker_startup_max_seconds,range_requests,streaming_ranges,streamed_blocks,stream_discarded_bytes,stream_shrink_requests,small_batches,local_whole_files
streaming-sehb4hxv,local-large-auto-p4-j1-r1,local,large,33554432,auto-p4,1,1,off,4194304,33554432,0.0967486659064889,ok,True,0.01,0.01,0.07,0.01,0.01,8,0,0,0,0,0,0
streaming-sehb4hxv,local-large-auto-streaming-j1-r1,local,large,33554432,auto-streaming,1,1,off,4194304,33554432,0.06646154215559363,ok,True,0.0,0.01,0.05,0.0,0.0,0,1,8,0,0,0,0
streaming-sehb4hxv,local-large-auto-p16-j1-r1,local,large,33554432,auto-p16,1,1,off,4194304,33554432,0.06466962536796927,ok,True,0.0,0.01,0.05,0.01,0.01,8,0,0,0,0,0,0
streaming-sehb4hxv,local-large-auto-p4-j8-r1,local,large,33554432,auto-p4,8,1,off,4194304,33554432,0.07406379096210003,ok,True,0.0,0.01,0.05,0.01,0.01,8,0,0,0,0,0,0
streaming-sehb4hxv,local-large-auto-streaming-j8-r1,local,large,33554432,auto-streaming,8,1,off,4194304,33554432,0.06586675019934773,ok,True,0.0,0.01,0.05,0.01,0.01,0,1,8,0,0,0,0
streaming-sehb4hxv,local-large-auto-p16-j8-r1,local,large,33554432,auto-p16,8,1,off,4194304,33554432,0.06761441705748439,ok,True,0.0,0.01,0.05,0.01,0.01,8,0,0,0,0,0,0
streaming-sehb4hxv,local-small-auto-p4-j1-r1,local,small,8388608,auto-p4,1,1,off,4194304,33554432,0.2660161666572094,ok,True,0.0,0.02,0.25,0.01,0.01,0,0,0,0,0,8,0
streaming-sehb4hxv,local-small-auto-streaming-j1-r1,local,small,8388608,auto-streaming,1,1,off,4194304,33554432,0.25409454200416803,ok,True,0.0,0.02,0.25,0.0,0.0,0,0,0,0,0,8,0
streaming-sehb4hxv,local-small-auto-p16-j1-r1,local,small,8388608,auto-p16,1,1,off,4194304,33554432,0.2739802501164377,ok,True,0.0,0.02,0.26,0.0,0.0,0,0,0,0,0,8,0
streaming-sehb4hxv,local-small-auto-p4-j8-r1,local,small,8388608,auto-p4,8,1,off,4194304,33554432,0.16535979229956865,ok,True,0.0,0.02,0.15,0.01,0.01,0,0,0,0,0,8,0
streaming-sehb4hxv,local-small-auto-streaming-j8-r1,local,small,8388608,auto-streaming,8,1,off,4194304,33554432,0.1263834168203175,ok,True,0.0,0.02,0.11,0.01,0.01,0,0,0,0,0,8,0
streaming-sehb4hxv,local-small-auto-p16-j8-r1,local,small,8388608,auto-p16,8,1,off,4194304,33554432,0.13173612486571074,ok,True,0.0,0.02,0.12,0.01,0.01,0,0,0,0,0,8,0
streaming-sehb4hxv,local-large-auto-streaming-j1-r2,local,large,33554432,auto-streaming,1,2,off,4194304,33554432,0.05813004216179252,ok,True,0.0,0.01,0.05,0.01,0.01,0,1,8,0,0,0,0
streaming-sehb4hxv,local-large-auto-p16-j1-r2,local,large,33554432,auto-p16,1,2,off,4194304,33554432,0.06743079097941518,ok,True,0.0,0.01,0.05,0.01,0.01,8,0,0,0,0,0,0
streaming-sehb4hxv,local-large-auto-p4-j1-r2,local,large,33554432,auto-p4,1,2,off,4194304,33554432,0.07095233304426074,ok,True,0.0,0.01,0.06,0.01,0.01,8,0,0,0,0,0,0
streaming-sehb4hxv,local-large-auto-streaming-j8-r2,local,large,33554432,auto-streaming,8,2,off,4194304,33554432,0.0791777498088777,ok,True,0.0,0.01,0.06,0.01,0.01,0,1,8,0,0,0,0
streaming-sehb4hxv,local-large-auto-p16-j8-r2,local,large,33554432,auto-p16,8,2,off,4194304,33554432,0.07392354216426611,ok,True,0.0,0.01,0.05,0.01,0.01,8,0,0,0,0,0,0
streaming-sehb4hxv,local-large-auto-p4-j8-r2,local,large,33554432,auto-p4,8,2,off,4194304,33554432,0.0693588750436902,ok,True,0.0,0.01,0.05,0.01,0.01,8,0,0,0,0,0,0
streaming-sehb4hxv,local-small-auto-streaming-j1-r2,local,small,8388608,auto-streaming,1,2,off,4194304,33554432,0.23670929204672575,ok,True,0.0,0.02,0.22,0.0,0.0,0,0,0,0,0,8,0
streaming-sehb4hxv,local-small-auto-p16-j1-r2,local,small,8388608,auto-p16,1,2,off,4194304,33554432,0.23899595765396953,ok,True,0.0,0.02,0.22,0.01,0.01,0,0,0,0,0,8,0
streaming-sehb4hxv,local-small-auto-p4-j1-r2,local,small,8388608,auto-p4,1,2,off,4194304,33554432,0.23784216679632664,ok,True,0.0,0.02,0.23,0.0,0.0,0,0,0,0,0,8,0
streaming-sehb4hxv,local-small-auto-streaming-j8-r2,local,small,8388608,auto-streaming,8,2,off,4194304,33554432,0.1361532500013709,ok,True,0.0,0.02,0.12,0.01,0.01,0,0,0,0,0,8,0
streaming-sehb4hxv,local-small-auto-p16-j8-r2,local,small,8388608,auto-p16,8,2,off,4194304,33554432,0.1286653340794146,ok,True,0.0,0.02,0.12,0.01,0.01,0,0,0,0,0,8,0
streaming-sehb4hxv,local-small-auto-p4-j8-r2,local,small,8388608,auto-p4,8,2,off,4194304,33554432,0.12925758305937052,ok,True,0.0,0.02,0.11,0.01,0.01,0,0,0,0,0,8,0
streaming-sehb4hxv,local-large-auto-p16-j1-r3,local,large,33554432,auto-p16,1,3,off,4194304,33554432,0.05819683335721493,ok,True,0.0,0.01,0.05,0.01,0.01,8,0,0,0,0,0,0
streaming-sehb4hxv,local-large-auto-p4-j1-r3,local,large,33554432,auto-p4,1,3,off,4194304,33554432,0.07857741601765156,ok,True,0.0,0.01,0.06,0.01,0.01,8,0,0,0,0,0,0
streaming-sehb4hxv,local-large-auto-streaming-j1-r3,local,large,33554432,auto-streaming,1,3,off,4194304,33554432,0.07739295903593302,ok,True,0.0,0.01,0.06,0.01,0.01,0,1,8,0,0,0,0
streaming-sehb4hxv,local-large-auto-p16-j8-r3,local,large,33554432,auto-p16,8,3,off,4194304,33554432,0.07783958315849304,ok,True,0.0,0.01,0.06,0.01,0.01,8,0,0,0,0,0,0
streaming-sehb4hxv,local-large-auto-p4-j8-r3,local,large,33554432,auto-p4,8,3,off,4194304,33554432,0.07693233294412494,ok,True,0.0,0.01,0.06,0.01,0.01,8,0,0,0,0,0,0
streaming-sehb4hxv,local-large-auto-streaming-j8-r3,local,large,33554432,auto-streaming,8,3,off,4194304,33554432,0.07085858285427094,ok,True,0.0,0.01,0.05,0.01,0.01,0,1,8,0,0,0,0
streaming-sehb4hxv,local-small-auto-p16-j1-r3,local,small,8388608,auto-p16,1,3,off,4194304,33554432,0.245172708760947,ok,True,0.0,0.02,0.23,0.01,0.01,0,0,0,0,0,8,0
streaming-sehb4hxv,local-small-auto-p4-j1-r3,local,small,8388608,auto-p4,1,3,off,4194304,33554432,0.23583087464794517,ok,True,0.0,0.02,0.22,0.01,0.01,0,0,0,0,0,8,0
streaming-sehb4hxv,local-small-auto-streaming-j1-r3,local,small,8388608,auto-streaming,1,3,off,4194304,33554432,0.2332494161091745,ok,True,0.0,0.02,0.22,0.01,0.01,0,0,0,0,0,8,0
streaming-sehb4hxv,local-small-auto-p16-j8-r3,local,small,8388608,auto-p16,8,3,off,4194304,33554432,0.1250302498228848,ok,True,0.0,0.02,0.12,0.01,0.01,0,0,0,0,0,8,0
streaming-sehb4hxv,local-small-auto-p4-j8-r3,local,small,8388608,auto-p4,8,3,off,4194304,33554432,0.12912499997764826,ok,True,0.0,0.02,0.12,0.01,0.01,0,0,0,0,0,8,0
streaming-sehb4hxv,local-small-auto-streaming-j8-r3,local,small,8388608,auto-streaming,8,3,off,4194304,33554432,0.12687795795500278,ok,True,0.0,0.02,0.12,0.01,0.01,0,0,0,0,0,8,0
streaming-sehb4hxv,push-large-auto-p4-j1-r1,push,large,33554432,auto-p4,1,1,off,4194304,33554432,20.2186535843648,ok,True,3.86,5.09,19.8,3.55,3.55,8,0,0,0,0,0,0
streaming-sehb4hxv,push-large-auto-streaming-j1-r1,push,large,33554432,auto-streaming,1,1,off,4194304,33554432,19.603694667108357,ok,True,3.34,4.56,19.11,3.38,3.38,0,1,8,0,0,0,0
streaming-sehb4hxv,push-large-auto-p16-j1-r1,push,large,33554432,auto-p16,1,1,off,4194304,33554432,21.332695125136524,ok,True,3.43,4.67,20.93,3.33,3.33,8,0,0,0,0,0,0
streaming-sehb4hxv,push-large-auto-p4-j8-r1,push,large,33554432,auto-p4,8,1,off,4194304,33554432,21.859220208134502,ok,True,3.54,4.8,21.44,3.4,6.1,8,0,0,0,0,0,0
streaming-sehb4hxv,push-large-auto-streaming-j8-r1,push,large,33554432,auto-streaming,8,1,off,4194304,33554432,25.004276665858924,timeout,False,3.28,4.51,,3.67,6.06,,,,,,,
streaming-sehb4hxv,push-large-auto-p16-j8-r1,push,large,33554432,auto-p16,8,1,off,4194304,33554432,25.04293499980122,timeout,False,3.58,4.8,,3.71,6.1,,,,,,,
streaming-sehb4hxv,push-large-rsync-j0-r1,push,large,33554432,rsync,0,1,off,,,15.683593166992068,ok,True,,,,,,,,,,,,
streaming-sehb4hxv,push-small-auto-p4-j1-r1,push,small,8388608,auto-p4,1,1,off,4194304,33554432,11.571498666889966,ok,True,3.32,5.76,11.17,0.66,0.66,0,0,0,0,0,2,0
streaming-sehb4hxv,push-small-auto-streaming-j1-r1,push,small,8388608,auto-streaming,1,1,off,4194304,33554432,11.682512457948178,ok,True,3.35,5.77,11.23,0.64,0.64,0,0,0,0,0,2,0
streaming-oxtwxfax,push-large-auto-p4-j1-r1,push,large,16777216,auto-p4,1,1,off,4194304,33554432,15.280045666731894,ok,True,3.73,5.1,14.86,3.32,3.32,4,0,0,0,0,0,0
streaming-oxtwxfax,push-large-auto-streaming-j1-r1,push,large,16777216,auto-streaming,1,1,off,4194304,33554432,15.802760874852538,ok,True,3.51,4.74,15.4,3.52,3.52,0,1,4,0,0,0,0
streaming-oxtwxfax,push-large-auto-p16-j1-r1,push,large,16777216,auto-p16,1,1,off,4194304,33554432,15.527516125235707,ok,True,3.52,4.88,15.07,3.59,3.59,4,0,0,0,0,0,0
streaming-oxtwxfax,push-large-auto-p4-j8-r1,push,large,16777216,auto-p4,8,1,off,4194304,33554432,15.384568666107953,ok,True,3.29,4.53,14.98,4.03,5.88,4,0,0,0,0,0,0
streaming-oxtwxfax,push-large-auto-streaming-j8-r1,push,large,16777216,auto-streaming,8,1,off,4194304,33554432,16.228744708001614,ok,True,3.41,4.65,15.81,3.8,6.48,0,1,4,0,0,0,0
streaming-oxtwxfax,push-large-auto-p16-j8-r1,push,large,16777216,auto-p16,8,1,off,4194304,33554432,15.610679042059928,ok,True,3.33,4.55,15.21,3.71,5.83,4,0,0,0,0,0,0
streaming-oxtwxfax,push-large-rsync-j0-r1,push,large,16777216,rsync,0,1,off,,,10.077997584361583,ok,True,,,,,,,,,,,,
streaming-oxtwxfax,push-small-auto-p4-j1-r1,push,small,8388608,auto-p4,1,1,off,4194304,33554432,12.25708654196933,ok,True,3.44,5.92,11.83,0.65,0.65,0,0,0,0,0,2,0
streaming-oxtwxfax,push-small-auto-streaming-j1-r1,push,small,8388608,auto-streaming,1,1,off,4194304,33554432,11.724244708195329,ok,True,3.31,5.79,11.31,0.66,0.66,0,0,0,0,0,2,0
streaming-oxtwxfax,push-small-auto-p16-j1-r1,push,small,8388608,auto-p16,1,1,off,4194304,33554432,11.575865750201046,ok,True,3.32,5.81,11.17,0.65,0.65,0,0,0,0,0,2,0
streaming-oxtwxfax,push-small-auto-p4-j8-r1,push,small,8388608,auto-p4,8,1,off,4194304,33554432,10.697947000153363,ok,True,3.53,6.02,10.23,0.66,0.67,0,0,0,0,0,8,0
streaming-oxtwxfax,push-small-auto-streaming-j8-r1,push,small,8388608,auto-streaming,8,1,off,4194304,33554432,10.71315383259207,ok,True,3.53,6.09,10.29,0.72,0.73,0,0,0,0,0,8,0
streaming-oxtwxfax,push-small-auto-p16-j8-r1,push,small,8388608,auto-p16,8,1,off,4194304,33554432,10.516240417025983,ok,True,3.52,5.97,10.1,0.65,0.66,0,0,0,0,0,8,0
streaming-oxtwxfax,push-small-rsync-j0-r1,push,small,8388608,rsync,0,1,off,,,7.563330125063658,ok,True,,,,,,,,,,,,
streaming-oxtwxfax,push-large-auto-p16-j1-r2,push,large,16777216,auto-p16,1,2,off,4194304,33554432,14.75142720900476,ok,True,3.32,4.54,14.33,3.49,3.49,4,0,0,0,0,0,0
streaming-oxtwxfax,push-large-auto-p4-j8-r2,push,large,16777216,auto-p4,8,2,off,4194304,33554432,14.907233458012342,ok,True,3.52,4.83,14.48,3.44,6.07,4,0,0,0,0,0,0
streaming-oxtwxfax,push-large-auto-streaming-j8-r2,push,large,16777216,auto-streaming,8,2,off,4194304,33554432,14.841693749651313,ok,True,3.43,4.65,14.42,3.7,6.08,0,1,4,0,0,0,0
streaming-oxtwxfax,push-large-auto-p16-j8-r2,push,large,16777216,auto-p16,8,2,off,4194304,33554432,16.954318458680063,ok,True,3.29,4.53,16.54,3.28,5.86,4,0,0,0,0,0,0
streaming-oxtwxfax,push-large-rsync-j0-r2,push,large,16777216,rsync,0,2,off,,,19.84160912502557,ok,True,,,,,,,,,,,,
streaming-oxtwxfax,push-large-auto-p4-j1-r2,push,large,16777216,auto-p4,1,2,off,4194304,33554432,15.087968749925494,ok,True,3.67,4.89,14.66,3.75,3.75,4,0,0,0,0,0,0
streaming-oxtwxfax,push-large-auto-streaming-j1-r2,push,large,16777216,auto-streaming,1,2,off,4194304,33554432,25.099443959072232,timeout,False,3.44,4.86,,3.48,3.48,,,,,,,
streaming-oxtwxfax,push-small-auto-p16-j1-r2,push,small,8388608,auto-p16,1,2,off,4194304,33554432,11.782664250116795,ok,True,3.53,5.99,11.38,0.67,0.67,0,0,0,0,0,2,0
streaming-oxtwxfax,push-small-auto-p4-j8-r2,push,small,8388608,auto-p4,8,2,off,4194304,33554432,11.859158124774694,ok,True,3.28,5.62,11.46,0.63,0.63,0,0,0,0,0,8,0
streaming-oxtwxfax,push-small-auto-streaming-j8-r2,push,small,8388608,auto-streaming,8,2,off,4194304,33554432,9.938479416072369,ok,True,3.3,5.74,9.45,0.69,0.71,0,0,0,0,0,8,0
streaming-oxtwxfax,push-small-auto-p16-j8-r2,push,small,8388608,auto-p16,8,2,off,4194304,33554432,18.04330712510273,ok,True,3.52,6.0,17.56,0.66,0.67,0,0,0,0,0,8,0
streaming-oxtwxfax,push-small-rsync-j0-r2,push,small,8388608,rsync,0,2,off,,,7.538858832791448,ok,True,,,,,,,,,,,,
streaming-oxtwxfax,push-small-auto-p4-j1-r2,push,small,8388608,auto-p4,1,2,off,4194304,33554432,12.062251000199467,ok,True,3.52,6.07,11.52,0.62,0.62,0,0,0,0,0,2,0
streaming-oxtwxfax,push-small-auto-streaming-j1-r2,push,small,8388608,auto-streaming,1,2,off,4194304,33554432,12.064237041864544,ok,True,3.43,5.94,11.64,0.62,0.62,0,0,0,0,0,2,0
streaming-oxtwxfax,push-large-auto-streaming-j8-r3,push,large,16777216,auto-streaming,8,3,off,4194304,33554432,15.61469900002703,ok,True,3.66,4.89,15.19,3.33,5.87,0,1,4,0,0,0,0
streaming-oxtwxfax,push-large-auto-p16-j8-r3,push,large,16777216,auto-p16,8,3,off,4194304,33554432,16.090132750105113,ok,True,3.44,4.67,15.68,3.32,5.9,4,0,0,0,0,0,0
streaming-oxtwxfax,push-large-rsync-j0-r3,push,large,16777216,rsync,0,3,off,,,9.985060708131641,ok,True,,,,,,,,,,,,
streaming-oxtwxfax,push-large-auto-p4-j1-r3,push,large,16777216,auto-p4,1,3,off,4194304,33554432,15.503873209003359,ok,True,3.29,4.52,15.07,3.47,3.47,4,0,0,0,0,0,0
streaming-oxtwxfax,push-large-auto-streaming-j1-r3,push,large,16777216,auto-streaming,1,3,off,4194304,33554432,14.777222333941609,ok,True,3.27,4.5,14.33,3.44,3.44,0,1,4,0,0,0,0
streaming-oxtwxfax,push-large-auto-p16-j1-r3,push,large,16777216,auto-p16,1,3,off,4194304,33554432,23.390751833096147,ok,True,3.31,4.54,22.94,3.62,3.62,4,0,0,0,0,0,0
streaming-oxtwxfax,push-large-auto-p4-j8-r3,push,large,16777216,auto-p4,8,3,off,4194304,33554432,15.174379750154912,ok,True,3.28,4.51,14.77,3.83,6.26,4,0,0,0,0,0,0
streaming-oxtwxfax,push-small-auto-streaming-j8-r3,push,small,8388608,auto-streaming,8,3,off,4194304,33554432,9.947102999780327,ok,True,3.3,5.85,9.54,0.61,0.61,0,0,0,0,0,8,0
streaming-oxtwxfax,push-small-auto-p16-j8-r3,push,small,8388608,auto-p16,8,3,off,4194304,33554432,10.268237334210426,ok,True,3.43,5.94,9.84,0.64,0.64,0,0,0,0,0,8,0
streaming-oxtwxfax,push-small-rsync-j0-r3,push,small,8388608,rsync,0,3,off,,,8.072884417138994,ok,True,,,,,,,,,,,,
streaming-oxtwxfax,push-small-auto-p4-j1-r3,push,small,8388608,auto-p4,1,3,off,4194304,33554432,12.263422874733806,ok,True,3.51,6.07,11.84,0.6,0.6,0,0,0,0,0,2,0
streaming-oxtwxfax,push-small-auto-streaming-j1-r3,push,small,8388608,auto-streaming,1,3,off,4194304,33554432,12.278802833054215,ok,True,3.56,6.16,11.85,0.65,0.65,0,0,0,0,0,2,0
streaming-oxtwxfax,push-small-auto-p16-j1-r3,push,small,8388608,auto-p16,1,3,off,4194304,33554432,11.93681729072705,ok,True,3.54,6.02,11.53,0.65,0.65,0,0,0,0,0,2,0
streaming-oxtwxfax,push-small-auto-p4-j8-r3,push,small,8388608,auto-p4,8,3,off,4194304,33554432,11.955595707986504,ok,True,3.53,6.0,11.54,0.66,0.67,0,0,0,0,0,8,0
streaming-oxtwxfax,pull-large-auto-p4-j8-r1,pull,large,16777216,auto-p4,8,1,off,4194304,33554432,11.728969875257462,ok,True,3.39,4.22,11.51,3.36,5.79,4,0,0,0,0,0,0
streaming-oxtwxfax,pull-large-auto-streaming-j8-r1,pull,large,16777216,auto-streaming,8,1,off,4194304,33554432,12.376556541305035,ok,True,3.63,4.46,12.16,3.34,5.78,0,1,4,0,0,0,0
streaming-oxtwxfax,pull-large-auto-p16-j8-r1,pull,large,16777216,auto-p16,8,1,off,4194304,33554432,12.572632000315934,ok,True,3.66,4.43,12.3,3.8,6.1,4,0,0,0,0,0,0
streaming-oxtwxfax,pull-small-auto-p4-j8-r1,pull,small,8388608,auto-p4,8,1,off,4194304,33554432,8.0493502500467,ok,True,3.3,4.53,7.83,0.67,0.68,0,0,0,0,0,8,0
streaming-oxtwxfax,pull-small-auto-streaming-j8-r1,pull,small,8388608,auto-streaming,8,1,off,4194304,33554432,9.85601233318448,ok,True,3.22,4.44,9.64,0.71,0.72,0,0,0,0,0,8,0
streaming-oxtwxfax,pull-small-auto-p16-j8-r1,pull,small,8388608,auto-p16,8,1,off,4194304,33554432,10.279638167005032,ok,True,3.59,4.69,10.07,0.67,0.68,0,0,0,0,0,8,0
streaming-oxtwxfax,pull-large-auto-streaming-j8-r2,pull,large,16777216,auto-streaming,8,2,off,4194304,33554432,12.501411583274603,ok,True,3.42,4.26,12.26,3.86,5.99,0,1,4,0,0,0,0
streaming-oxtwxfax,pull-large-auto-p16-j8-r2,pull,large,16777216,auto-p16,8,2,off,4194304,33554432,11.710053250193596,ok,True,3.51,4.35,11.5,3.36,5.8,4,0,0,0,0,0,0
streaming-oxtwxfax,pull-large-auto-p4-j8-r2,pull,large,16777216,auto-p4,8,2,off,4194304,33554432,12.223650209140033,ok,True,3.42,4.27,12.01,3.45,6.04,4,0,0,0,0,0,0
streaming-oxtwxfax,pull-small-auto-streaming-j8-r2,pull,small,8388608,auto-streaming,8,2,off,4194304,33554432,8.31712770787999,ok,True,3.45,4.76,8.02,0.62,0.62,0,0,0,0,0,8,0
streaming-oxtwxfax,pull-small-auto-p16-j8-r2,pull,small,8388608,auto-p16,8,2,off,4194304,33554432,7.907120000105351,ok,True,3.24,4.5,7.63,0.66,0.66,0,0,0,0,0,8,0
streaming-oxtwxfax,pull-small-auto-p4-j8-r2,pull,small,8388608,auto-p4,8,2,off,4194304,33554432,9.103370167315006,ok,True,3.4,4.65,8.85,0.67,0.67,0,0,0,0,0,8,0
streaming-oxtwxfax,pull-large-auto-p16-j8-r3,pull,large,16777216,auto-p16,8,3,off,4194304,33554432,11.800893749576062,ok,True,3.42,4.19,11.55,3.28,5.72,4,0,0,0,0,0,0
streaming-oxtwxfax,pull-large-auto-p4-j8-r3,pull,large,16777216,auto-p4,8,3,off,4194304,33554432,12.330689291935414,ok,True,3.47,4.32,12.06,3.81,5.79,4,0,0,0,0,0,0
streaming-oxtwxfax,pull-large-auto-streaming-j8-r3,pull,large,16777216,auto-streaming,8,3,off,4194304,33554432,11.756076999939978,ok,True,3.35,4.19,11.54,3.33,5.79,0,1,4,0,0,0,0
streaming-oxtwxfax,pull-small-auto-p16-j8-r3,pull,small,8388608,auto-p16,8,3,off,4194304,33554432,8.05280320905149,ok,True,3.31,4.47,7.81,0.67,0.68,0,0,0,0,0,8,0
streaming-oxtwxfax,pull-small-auto-p4-j8-r3,pull,small,8388608,auto-p4,8,3,off,4194304,33554432,9.02475450001657,ok,True,3.57,4.73,8.81,0.65,0.66,0,0,0,0,0,8,0
streaming-oxtwxfax,pull-small-auto-streaming-j8-r3,pull,small,8388608,auto-streaming,8,3,off,4194304,33554432,10.234914457891136,ok,True,3.59,4.8,10.03,0.71,0.72,0,0,0,0,0,8,0
streaming-q0ed8xi3,push-large-auto-p4-j8-r1-split8,push,large,33554432,auto-p4,8,1,off,4194304,8388608,24.954259833320975,ok,True,3.83,5.06,24.46,3.68,6.64,8,0,0,0,0,0,0
streaming-q0ed8xi3,push-large-auto-streaming-j8-r1-split8,push,large,33554432,auto-streaming,8,1,off,4194304,8388608,25.039773707743734,timeout,False,3.47,5.03,,3.52,6.07,,,,,,,
streaming-q0ed8xi3,push-large-rsync-j0-r1,push,large,33554432,rsync,0,1,off,,,15.304188166745007,ok,True,,,,,,,,,,,,
streaming-q0ed8xi3,push-large-auto-streaming-j8-r2-split8,push,large,33554432,auto-streaming,8,2,off,4194304,8388608,25.04744533309713,timeout,False,3.3,4.53,24.93,3.28,5.76,,,,,,,
streaming-q0ed8xi3,push-large-rsync-j0-r2,push,large,33554432,rsync,0,2,off,,,16.30128137487918,ok,True,,,,,,,,,,,,
streaming-q0ed8xi3,push-large-auto-p4-j8-r2-split8,push,large,33554432,auto-p4,8,2,off,4194304,8388608,22.38128854194656,ok,True,3.3,4.53,21.97,3.29,5.89,8,0,0,0,0,0,0
streaming-q0ed8xi3,push-large-rsync-j0-r3,push,large,33554432,rsync,0,3,off,,,25.052778834011406,timeout,False,,,,,,,,,,,,
streaming-q0ed8xi3,push-large-auto-p4-j8-r3-split8,push,large,33554432,auto-p4,8,3,off,4194304,8388608,25.067434375174344,timeout,False,3.45,4.68,,3.32,5.94,,,,,,,
streaming-q0ed8xi3,push-large-auto-streaming-j8-r3-split8,push,large,33554432,auto-streaming,8,3,off,4194304,8388608,19.502402666956186,ok,True,3.45,4.68,19.04,3.66,6.47,0,2,8,0,0,0,0
streaming-q0ed8xi3,pull-large-auto-p4-j8-r1-split8,pull,large,33554432,auto-p4,8,1,off,4194304,8388608,13.29212470818311,ok,True,3.37,4.23,13.05,3.33,5.67,8,0,0,0,0,0,0
streaming-q0ed8xi3,pull-large-auto-streaming-j8-r1-split8,pull,large,33554432,auto-streaming,8,1,off,4194304,8388608,13.997275833040476,ok,True,3.38,4.22,13.72,3.34,5.66,0,3,8,0,1,0,0
streaming-q0ed8xi3,pull-large-auto-streaming-j8-r2-split8,pull,large,33554432,auto-streaming,8,2,off,4194304,8388608,13.99205508409068,ok,True,3.39,4.22,13.74,3.19,5.58,0,3,8,0,1,0,0
streaming-q0ed8xi3,pull-large-auto-p4-j8-r2-split8,pull,large,33554432,auto-p4,8,2,off,4194304,8388608,14.812934291083366,ok,True,3.37,4.22,14.6,5.66,5.77,8,0,0,0,0,0,0
streaming-q0ed8xi3,pull-large-auto-p4-j8-r3-split8,pull,large,33554432,auto-p4,8,3,off,4194304,8388608,13.60580916609615,ok,True,3.51,4.36,13.34,3.34,5.66,8,0,0,0,0,0,0
streaming-q0ed8xi3,pull-large-auto-streaming-j8-r3-split8,pull,large,33554432,auto-streaming,8,3,off,4194304,8388608,13.485382749699056,ok,True,3.24,4.09,13.21,3.3,5.61,0,3,8,0,1,0,0
